"","stratum","sex","race","education","income","age","mean","sd"
"1",11111,"Male","White","Less than high school","Low","18-29",-0.327794679171649,0.820237275271592
"2",11112,"Male","White","Less than high school","Low","30-44",-0.176336618626088,0.826045432040152
"3",11113,"Male","White","Less than high school","Low","45-59",-0.916529002053154,0.747099428549166
"4",11114,"Male","White","Less than high school","Low","60+",-0.020209326432664,0.61534491516214
"5",11121,"Male","White","Less than high school","Low-mid","18-29",0.356879689249732,0.831065811733494
"6",11122,"Male","White","Less than high school","Low-mid","30-44",0.288256536541654,0.743196020942914
"7",11123,"Male","White","Less than high school","Low-mid","45-59",-0.0830486839421546,0.880422147920571
"8",11124,"Male","White","Less than high school","Low-mid","60+",0.877283309203256,0.557803546927068
"9",11131,"Male","White","Less than high school","Mid-high","18-29",0.431862968757893,0.858106706474761
"10",11132,"Male","White","Less than high school","Mid-high","30-44",0.736871486776747,0.792211784580279
"11",11133,"Male","White","Less than high school","Mid-high","45-59",1.23615958593828,0.697957354835301
"12",11134,"Male","White","Less than high school","Mid-high","60+",0.513477981759778,0.636098189898371
"13",11141,"Male","White","Less than high school","High","18-29",-0.127063659988067,0.934851942588632
"14",11142,"Male","White","Less than high school","High","30-44",0.331458367064367,0.91476930393044
"15",11143,"Male","White","Less than high school","High","45-59",0.383906037117638,0.875210179879742
"16",11144,"Male","White","Less than high school","High","60+",0.391568457846356,0.873285770000348
"17",11211,"Male","White","High school","Low","18-29",0.30681722585799,0.757351080353817
"18",11212,"Male","White","High school","Low","30-44",0.000727328136464659,0.740281633516328
"19",11213,"Male","White","High school","Low","45-59",-0.189020275508832,0.619426221034702
"20",11214,"Male","White","High school","Low","60+",0.113052769981144,0.643951129477052
"21",11221,"Male","White","High school","Low-mid","18-29",-0.683010794274866,0.708193923915751
"22",11222,"Male","White","High school","Low-mid","30-44",0.958417886893907,0.558391067453517
"23",11223,"Male","White","High school","Low-mid","45-59",0.61712120240043,0.550663853764029
"24",11224,"Male","White","High school","Low-mid","60+",-0.483035334627718,0.548037312783632
"25",11231,"Male","White","High school","Mid-high","18-29",0.45190133878775,0.681739347831635
"26",11232,"Male","White","High school","Mid-high","30-44",-0.619298943324773,0.578833466461531
"27",11233,"Male","White","High school","Mid-high","45-59",1.25521073909429,0.546034274046179
"28",11234,"Male","White","High school","Mid-high","60+",0.65591128334896,0.509379940380302
"29",11241,"Male","White","High school","High","18-29",0.928746944428423,0.86333345250485
"30",11242,"Male","White","High school","High","30-44",-0.445943131130522,0.625507524161391
"31",11243,"Male","White","High school","High","45-59",-1.24070373038631,0.625277338701105
"32",11244,"Male","White","High school","High","60+",-0.184127422693389,0.68391781121829
"33",11311,"Male","White","Some college","Low","18-29",0.0958086142176292,0.705838222973998
"34",11312,"Male","White","Some college","Low","30-44",-0.792490091116958,0.742442410714376
"35",11313,"Male","White","Some college","Low","45-59",0.16774439706251,0.739145619355569
"36",11314,"Male","White","Some college","Low","60+",0.378861786727969,0.78379184699534
"37",11321,"Male","White","Some college","Low-mid","18-29",0.299665675689536,0.678024056564218
"38",11322,"Male","White","Some college","Low-mid","30-44",-0.991529022961518,0.602352889565416
"39",11323,"Male","White","Some college","Low-mid","45-59",0.0281107531324145,0.661728168970763
"40",11324,"Male","White","Some college","Low-mid","60+",-0.47056156406152,0.6623471450189
"41",11331,"Male","White","Some college","Mid-high","18-29",-0.584906290713397,0.626320005009376
"42",11332,"Male","White","Some college","Mid-high","30-44",0.00271320119419412,0.591354635076305
"43",11333,"Male","White","Some college","Mid-high","45-59",-0.594952859398479,0.538862887855426
"44",11334,"Male","White","Some college","Mid-high","60+",-0.554470131848187,0.596244480995566
"45",11341,"Male","White","Some college","High","18-29",0.978751760743987,0.763735679473155
"46",11342,"Male","White","Some college","High","30-44",-0.204188281803862,0.759106874605538
"47",11343,"Male","White","Some college","High","45-59",-0.145169569190945,0.629106127193338
"48",11344,"Male","White","Some college","High","60+",-0.347878544321873,0.666256737596277
"49",11411,"Male","White","College plus","Low","18-29",-0.910775092571913,0.827618038028979
"50",11412,"Male","White","College plus","Low","30-44",-0.249635756957689,0.79958787907724
"51",11413,"Male","White","College plus","Low","45-59",1.00969283360706,0.792227744286964
"52",11414,"Male","White","College plus","Low","60+",0.519732313068543,0.815178220101447
"53",11421,"Male","White","College plus","Low-mid","18-29",0.507177228064037,0.75173004741654
"54",11422,"Male","White","College plus","Low-mid","30-44",-1.34524378450504,0.529680649610614
"55",11423,"Male","White","College plus","Low-mid","45-59",-0.832345098156959,0.606825810356696
"56",11424,"Male","White","College plus","Low-mid","60+",-0.122770234893145,0.626744371574469
"57",11431,"Male","White","College plus","Mid-high","18-29",0.69294128404549,0.655089722470757
"58",11432,"Male","White","College plus","Mid-high","30-44",-0.946314654656105,0.480966353501898
"59",11433,"Male","White","College plus","Mid-high","45-59",-0.150505631528401,0.452560755072049
"60",11434,"Male","White","College plus","Mid-high","60+",0.445978260056865,0.507054312380343
"61",11441,"Male","White","College plus","High","18-29",-0.879824066798566,0.688691360792752
"62",11442,"Male","White","College plus","High","30-44",-0.509692756682169,0.467356907323769
"63",11443,"Male","White","College plus","High","45-59",1.19410113952675,0.407136613540812
"64",11444,"Male","White","College plus","High","60+",0.206086781446909,0.493975099139218
"65",12111,"Male","Black","Less than high school","Low","18-29",0.74965222949766,0.740099360632006
"66",12112,"Male","Black","Less than high school","Low","30-44",-0.599464610588551,0.89407658459047
"67",12113,"Male","Black","Less than high school","Low","45-59",-0.373239861271049,0.710490304980741
"68",12114,"Male","Black","Less than high school","Low","60+",0.433553950802825,0.621386610132806
"69",12121,"Male","Black","Less than high school","Low-mid","18-29",0.0409666336876804,0.827088273631717
"70",12122,"Male","Black","Less than high school","Low-mid","30-44",-0.620373359988198,0.897190441415125
"71",12123,"Male","Black","Less than high school","Low-mid","45-59",0.627710185692151,0.782159059331011
"72",12124,"Male","Black","Less than high school","Low-mid","60+",-1.28965503165306,0.673143025541303
"73",12131,"Male","Black","Less than high school","Mid-high","18-29",0.167363312379589,0.870106445436478
"74",12132,"Male","Black","Less than high school","Mid-high","30-44",-0.154971634817698,0.881665185991772
"75",12133,"Male","Black","Less than high school","Mid-high","45-59",0.168146305448202,0.853232280146271
"76",12134,"Male","Black","Less than high school","Mid-high","60+",-0.00138830392874057,0.808888795665521
"77",12141,"Male","Black","Less than high school","High","18-29",-0.120917575654053,0.937160199260887
"78",12142,"Male","Black","Less than high school","High","30-44",0.352583406713916,0.907185838668089
"79",12143,"Male","Black","Less than high school","High","45-59",-0.238426437922347,0.847917010247828
"80",12144,"Male","Black","Less than high school","High","60+",0.187235752872803,0.961508057998978
"81",12211,"Male","Black","High school","Low","18-29",-0.730099893821587,0.786848757559188
"82",12212,"Male","Black","High school","Low","30-44",0.107678925675866,0.771019552112344
"83",12213,"Male","Black","High school","Low","45-59",0.377162877479657,0.735240833591255
"84",12214,"Male","Black","High school","Low","60+",0.165019800953341,0.777706283868272
"85",12221,"Male","Black","High school","Low-mid","18-29",-0.598889249244863,0.803079213584626
"86",12222,"Male","Black","High school","Low-mid","30-44",0.221606230785166,0.771975094375094
"87",12223,"Male","Black","High school","Low-mid","45-59",1.16651222553435,0.733572376425056
"88",12224,"Male","Black","High school","Low-mid","60+",-0.903504098714635,0.731874290090981
"89",12231,"Male","Black","High school","Mid-high","18-29",-0.128437083591849,0.829001620827104
"90",12232,"Male","Black","High school","Mid-high","30-44",1.31565596310432,0.758443586194203
"91",12233,"Male","Black","High school","Mid-high","45-59",-0.96236179403057,0.754677610471504
"92",12234,"Male","Black","High school","Mid-high","60+",0.167665428093765,0.802244036966798
"93",12241,"Male","Black","High school","High","18-29",0.107562365938254,0.934207620351182
"94",12242,"Male","Black","High school","High","30-44",-0.787450259370673,0.83897210401759
"95",12243,"Male","Black","High school","High","45-59",0.262945742264795,0.770297328356016
"96",12244,"Male","Black","High school","High","60+",0.622125046725498,0.780781603457275
"97",12311,"Male","Black","Some college","Low","18-29",-0.347176854492717,0.86707062327481
"98",12312,"Male","Black","Some college","Low","30-44",0.403637991049261,0.80202605177707
"99",12313,"Male","Black","Some college","Low","45-59",0.211450672435695,0.856944312957159
"100",12314,"Male","Black","Some college","Low","60+",-0.230021674259306,0.897434919328637
"101",12321,"Male","Black","Some college","Low-mid","18-29",0.256908300964937,0.857726105913003
"102",12322,"Male","Black","Some college","Low-mid","30-44",0.725155000740538,0.798753640797234
"103",12323,"Male","Black","Some college","Low-mid","45-59",0.461223849595761,0.811372578942085
"104",12324,"Male","Black","Some college","Low-mid","60+",0.0695553420614674,0.850248559418849
"105",12331,"Male","Black","Some college","Mid-high","18-29",-0.432264201890912,0.826506813924796
"106",12332,"Male","Black","Some college","Mid-high","30-44",-0.453955871226046,0.731716273433553
"107",12333,"Male","Black","Some college","Mid-high","45-59",1.24518677619772,0.769972431593014
"108",12334,"Male","Black","Some college","Mid-high","60+",0.356105162945433,0.802165016671148
"109",12341,"Male","Black","Some college","High","18-29",-0.209534875745366,0.886596253472937
"110",12342,"Male","Black","Some college","High","30-44",0.814316138079578,0.863421612628257
"111",12343,"Male","Black","Some college","High","45-59",0.109827883528809,0.786547172291906
"112",12344,"Male","Black","Some college","High","60+",0.349365168819833,0.921737647527356
"113",12411,"Male","Black","College plus","Low","18-29",0.0135885795636495,0.929501877537568
"114",12412,"Male","Black","College plus","Low","30-44",0.022547688675804,0.893351894652863
"115",12413,"Male","Black","College plus","Low","45-59",0.0940535782461988,0.804791409748207
"116",12414,"Male","Black","College plus","Low","60+",-0.407117746699221,0.801937050973913
"117",12421,"Male","Black","College plus","Low-mid","18-29",0.115829344570535,0.829338508124777
"118",12422,"Male","Black","College plus","Low-mid","30-44",-1.08441203452219,0.758313902416324
"119",12423,"Male","Black","College plus","Low-mid","45-59",0.0453754482920418,0.856459170996703
"120",12424,"Male","Black","College plus","Low-mid","60+",-0.257153427716909,0.83320850591388
"121",12431,"Male","Black","College plus","Mid-high","18-29",-0.314202483099017,0.83314673474052
"122",12432,"Male","Black","College plus","Mid-high","30-44",0.828412563365428,0.728843645037016
"123",12433,"Male","Black","College plus","Mid-high","45-59",0.011047039543574,0.77849838626085
"124",12434,"Male","Black","College plus","Mid-high","60+",-0.752012375017697,0.829437749762455
"125",12441,"Male","Black","College plus","High","18-29",-0.345442981048595,0.830064027149987
"126",12442,"Male","Black","College plus","High","30-44",-0.369328276991082,0.787783839411934
"127",12443,"Male","Black","College plus","High","45-59",-0.132115331713544,0.732997137264732
"128",12444,"Male","Black","College plus","High","60+",0.300972977374338,0.80227295079448
"129",13111,"Male","Hispanic","Less than high school","Low","18-29",0.835624207387881,0.688813828314462
"130",13112,"Male","Hispanic","Less than high school","Low","30-44",0.176232997306579,0.644248474746355
"131",13113,"Male","Hispanic","Less than high school","Low","45-59",-0.615123761943193,0.700144460053663
"132",13114,"Male","Hispanic","Less than high school","Low","60+",1.03986917158586,0.652609188225443
"133",13121,"Male","Hispanic","Less than high school","Low-mid","18-29",0.36077680794368,0.783430055742757
"134",13122,"Male","Hispanic","Less than high school","Low-mid","30-44",-0.274652136768067,0.713632555599019
"135",13123,"Male","Hispanic","Less than high school","Low-mid","45-59",-0.501391674686168,0.766342666870807
"136",13124,"Male","Hispanic","Less than high school","Low-mid","60+",-0.474922830874618,0.797780655748918
"137",13131,"Male","Hispanic","Less than high school","Mid-high","18-29",0.0401915167791057,0.931798999979576
"138",13132,"Male","Hispanic","Less than high school","Mid-high","30-44",0.417626946413028,0.803874325442444
"139",13133,"Male","Hispanic","Less than high school","Mid-high","45-59",-0.35092323375842,0.851428279241945
"140",13134,"Male","Hispanic","Less than high school","Mid-high","60+",0.327963263956959,0.776318813682418
"141",13141,"Male","Hispanic","Less than high school","High","18-29",-0.154965972383976,0.917535616790598
"142",13142,"Male","Hispanic","Less than high school","High","30-44",0.204511105573896,0.890264016482332
"143",13143,"Male","Hispanic","Less than high school","High","45-59",-0.265917152671441,0.9289855281476
"144",13144,"Male","Hispanic","Less than high school","High","60+",-0.241624290753825,0.938899437659367
"145",13211,"Male","Hispanic","High school","Low","18-29",-0.732660926206961,0.723121468229494
"146",13212,"Male","Hispanic","High school","Low","30-44",0.116928718985737,0.700167655143347
"147",13213,"Male","Hispanic","High school","Low","45-59",-0.288510349621517,0.800657841028848
"148",13214,"Male","Hispanic","High school","Low","60+",-0.111020763310669,0.865914914646211
"149",13221,"Male","Hispanic","High school","Low-mid","18-29",-0.000853860477030146,0.736058404281934
"150",13222,"Male","Hispanic","High school","Low-mid","30-44",0.318077516649335,0.624900783661994
"151",13223,"Male","Hispanic","High school","Low-mid","45-59",-0.238972975934595,0.757015692348834
"152",13224,"Male","Hispanic","High school","Low-mid","60+",-0.308435287493064,0.762537649806717
"153",13231,"Male","Hispanic","High school","Mid-high","18-29",0.198001255206354,0.739179076411383
"154",13232,"Male","Hispanic","High school","Mid-high","30-44",-0.977726756081916,0.756289335603922
"155",13233,"Male","Hispanic","High school","Mid-high","45-59",-0.544704417290942,0.796792858833022
"156",13234,"Male","Hispanic","High school","Mid-high","60+",0.649614043042634,0.889043120569265
"157",13241,"Male","Hispanic","High school","High","18-29",-0.276019238256124,0.922496502786943
"158",13242,"Male","Hispanic","High school","High","30-44",-0.465677316389317,0.838642777111145
"159",13243,"Male","Hispanic","High school","High","45-59",0.237672024271887,0.934497838310392
"160",13244,"Male","Hispanic","High school","High","60+",-0.182141459918801,0.863383929673768
"161",13311,"Male","Hispanic","Some college","Low","18-29",-0.858816785288788,0.686792095170663
"162",13312,"Male","Hispanic","Some college","Low","30-44",0.716928542559773,0.80228175642515
"163",13313,"Male","Hispanic","Some college","Low","45-59",-0.05435313440034,0.833072399315396
"164",13314,"Male","Hispanic","Some college","Low","60+",-0.139153656098475,0.873578110412949
"165",13321,"Male","Hispanic","Some college","Low-mid","18-29",0.0716312400396575,0.7864217288718
"166",13322,"Male","Hispanic","Some college","Low-mid","30-44",0.20927641651862,0.748672995875447
"167",13323,"Male","Hispanic","Some college","Low-mid","45-59",-0.577106873463547,0.749773251693346
"168",13324,"Male","Hispanic","Some college","Low-mid","60+",0.179118516886126,0.906292017813011
"169",13331,"Male","Hispanic","Some college","Mid-high","18-29",-0.447465344583403,0.717423033960972
"170",13332,"Male","Hispanic","Some college","Mid-high","30-44",-0.109255365017038,0.756502156477342
"171",13333,"Male","Hispanic","Some college","Mid-high","45-59",-0.156491676488179,0.772373942809484
"172",13334,"Male","Hispanic","Some college","Mid-high","60+",-0.0340550698051684,0.787778713181085
"173",13341,"Male","Hispanic","Some college","High","18-29",0.111771968019383,0.840295891725339
"174",13342,"Male","Hispanic","Some college","High","30-44",-0.29934670802795,0.819201458488146
"175",13343,"Male","Hispanic","Some college","High","45-59",0.527248446694884,0.729572707047598
"176",13344,"Male","Hispanic","Some college","High","60+",0.48181683387161,0.96232649995204
"177",13411,"Male","Hispanic","College plus","Low","18-29",0.0625571507856739,0.9095993714021
"178",13412,"Male","Hispanic","College plus","Low","30-44",0.673471733147341,0.905288536069434
"179",13413,"Male","Hispanic","College plus","Low","45-59",0.0370381273222785,0.905300373262268
"180",13414,"Male","Hispanic","College plus","Low","60+",-0.227903485097683,0.830680825137188
"181",13421,"Male","Hispanic","College plus","Low-mid","18-29",-0.0488892692251363,0.848136619207256
"182",13422,"Male","Hispanic","College plus","Low-mid","30-44",-1.00933439717064,0.707880116619746
"183",13423,"Male","Hispanic","College plus","Low-mid","45-59",-0.138576821266449,0.812611447141288
"184",13424,"Male","Hispanic","College plus","Low-mid","60+",0.0358464261072763,0.860146802878722
"185",13431,"Male","Hispanic","College plus","Mid-high","18-29",-0.323558299102134,0.819506088190356
"186",13432,"Male","Hispanic","College plus","Mid-high","30-44",0.516297877868043,0.679033906048807
"187",13433,"Male","Hispanic","College plus","Mid-high","45-59",0.0484243379205643,0.732300608616563
"188",13434,"Male","Hispanic","College plus","Mid-high","60+",0.454204107884859,0.842722188682777
"189",13441,"Male","Hispanic","College plus","High","18-29",0.197856727884471,0.884924704042317
"190",13442,"Male","Hispanic","College plus","High","30-44",0.515252766871451,0.622779927129232
"191",13443,"Male","Hispanic","College plus","High","45-59",0.101135295847372,0.706130950397993
"192",13444,"Male","Hispanic","College plus","High","60+",-0.0869423653870877,0.834507127139955
"193",21111,"Female","White","Less than high school","Low","18-29",-0.560763702036187,0.688109476072711
"194",21112,"Female","White","Less than high school","Low","30-44",-0.196610429030572,0.691946777252416
"195",21113,"Female","White","Less than high school","Low","45-59",0.21961250011741,0.714510697581901
"196",21114,"Female","White","Less than high school","Low","60+",-0.245701205604526,0.572020789118276
"197",21121,"Female","White","Less than high school","Low-mid","18-29",-0.425012570522906,0.864018693161669
"198",21122,"Female","White","Less than high school","Low-mid","30-44",-0.0620279942711994,0.865465574596398
"199",21123,"Female","White","Less than high school","Low-mid","45-59",-0.326523697841512,0.756881618300219
"200",21124,"Female","White","Less than high school","Low-mid","60+",0.278247243432462,0.46995982163839
"201",21131,"Female","White","Less than high school","Mid-high","18-29",0.0140493827624128,0.964229338315658
"202",21132,"Female","White","Less than high school","Mid-high","30-44",0.221886868023294,0.871850732382585
"203",21133,"Female","White","Less than high school","Mid-high","45-59",-1.45900064705092,0.77852145915134
"204",21134,"Female","White","Less than high school","Mid-high","60+",0.491527075832878,0.630297356910417
"205",21141,"Female","White","Less than high school","High","18-29",-0.022454755641989,0.950771943599183
"206",21142,"Female","White","Less than high school","High","30-44",0.175675948062025,0.841872365149761
"207",21143,"Female","White","Less than high school","High","45-59",0.332479556409692,0.893048720383586
"208",21144,"Female","White","Less than high school","High","60+",0.63392654724049,0.89944782397143
"209",21211,"Female","White","High school","Low","18-29",0.660966523541454,0.702625551359602
"210",21212,"Female","White","High school","Low","30-44",0.113549592099153,0.585256731401935
"211",21213,"Female","White","High school","Low","45-59",0.392940905968834,0.622259667770187
"212",21214,"Female","White","High school","Low","60+",-0.817790175970383,0.572851589462426
"213",21221,"Female","White","High school","Low-mid","18-29",-0.193162510243327,0.631097408981498
"214",21222,"Female","White","High school","Low-mid","30-44",-0.105127930162979,0.581599848867659
"215",21223,"Female","White","High school","Low-mid","45-59",1.50312811736853,0.543499668312309
"216",21224,"Female","White","High school","Low-mid","60+",0.550084708974029,0.41634964679676
"217",21231,"Female","White","High school","Mid-high","18-29",0.266314032491033,0.722224617210326
"218",21232,"Female","White","High school","Mid-high","30-44",0.664746913761747,0.546624445997489
"219",21233,"Female","White","High school","Mid-high","45-59",-0.56313875094084,0.531333659517536
"220",21234,"Female","White","High school","Mid-high","60+",-0.57700612359099,0.496662688703776
"221",21241,"Female","White","High school","High","18-29",-0.238496642829131,0.946559172393407
"222",21242,"Female","White","High school","High","30-44",0.288120657582523,0.768853011893437
"223",21243,"Female","White","High school","High","45-59",1.04194248048896,0.61930434903995
"224",21244,"Female","White","High school","High","60+",-1.38812147364276,0.638793085459199
"225",21311,"Female","White","Some college","Low","18-29",0.310010228911341,0.598874199581394
"226",21312,"Female","White","Some college","Low","30-44",0.255188551249201,0.596833109129607
"227",21313,"Female","White","Some college","Low","45-59",-0.607322190424006,0.76521131217404
"228",21314,"Female","White","Some college","Low","60+",0.70519069738283,0.723512587782741
"229",21321,"Female","White","Some college","Low-mid","18-29",0.541859148064851,0.646874286454185
"230",21322,"Female","White","Some college","Low-mid","30-44",0.594024970952247,0.562039175800373
"231",21323,"Female","White","Some college","Low-mid","45-59",-1.08133468423136,0.654452891614966
"232",21324,"Female","White","Some college","Low-mid","60+",0.891285670187822,0.565662680643641
"233",21331,"Female","White","Some college","Mid-high","18-29",-1.72956107767509,0.679578440160708
"234",21332,"Female","White","Some college","Mid-high","30-44",-1.01140947557968,0.579581848590358
"235",21333,"Female","White","Some college","Mid-high","45-59",-0.436067661572518,0.600967837756962
"236",21334,"Female","White","Some college","Mid-high","60+",-1.15230891062795,0.537829752064312
"237",21341,"Female","White","Some college","High","18-29",-0.655122748376255,0.723417416965054
"238",21342,"Female","White","Some college","High","30-44",0.553876544117204,0.739760098006182
"239",21343,"Female","White","Some college","High","45-59",-0.159699734706911,0.56573794995446
"240",21344,"Female","White","Some college","High","60+",-0.435370054852108,0.66734178868249
"241",21411,"Female","White","College plus","Low","18-29",-0.812431914749367,0.717116589976953
"242",21412,"Female","White","College plus","Low","30-44",0.413737738474164,0.589711545080273
"243",21413,"Female","White","College plus","Low","45-59",-0.812792984435047,0.732357229977617
"244",21414,"Female","White","College plus","Low","60+",1.22777037052701,0.671359926465092
"245",21421,"Female","White","College plus","Low-mid","18-29",1.05870635209476,0.653890175445357
"246",21422,"Female","White","College plus","Low-mid","30-44",-0.909603858107841,0.536917567133982
"247",21423,"Female","White","College plus","Low-mid","45-59",-0.00740519150694152,0.565069742461125
"248",21424,"Female","White","College plus","Low-mid","60+",0.123225433905595,0.533665941740569
"249",21431,"Female","White","College plus","Mid-high","18-29",0.474775463042737,0.555399013524134
"250",21432,"Female","White","College plus","Mid-high","30-44",0.144784435040201,0.461319708329533
"251",21433,"Female","White","College plus","Mid-high","45-59",-0.136268657896648,0.454847499005695
"252",21434,"Female","White","College plus","Mid-high","60+",0.291668292538603,0.52786823903176
"253",21441,"Female","White","College plus","High","18-29",0.664274627889805,0.731260869840135
"254",21442,"Female","White","College plus","High","30-44",0.0456651546995288,0.467755005040378
"255",21443,"Female","White","College plus","High","45-59",0.665590527980839,0.4110297782611
"256",21444,"Female","White","College plus","High","60+",-1.0633701047897,0.506127417371383
"257",22111,"Female","Black","Less than high school","Low","18-29",-0.347168823917214,0.792233767724458
"258",22112,"Female","Black","Less than high school","Low","30-44",-0.842931898073012,0.691031676899103
"259",22113,"Female","Black","Less than high school","Low","45-59",-0.345392834890096,0.624083725636694
"260",22114,"Female","Black","Less than high school","Low","60+",-1.9373429103341,0.506521376723706
"261",22121,"Female","Black","Less than high school","Low-mid","18-29",-0.230570733394745,0.922727585847695
"262",22122,"Female","Black","Less than high school","Low-mid","30-44",0.395014656105927,0.896669975592885
"263",22123,"Female","Black","Less than high school","Low-mid","45-59",-0.0382588505983185,0.778388888022622
"264",22124,"Female","Black","Less than high school","Low-mid","60+",0.456578547218702,0.610899077082859
"265",22131,"Female","Black","Less than high school","Mid-high","18-29",0.482359856401709,0.912266321987123
"266",22132,"Female","Black","Less than high school","Mid-high","30-44",-0.124778497178257,0.887170883066162
"267",22133,"Female","Black","Less than high school","Mid-high","45-59",0.31272475090853,0.867426165434616
"268",22134,"Female","Black","Less than high school","Mid-high","60+",-0.428530056978787,0.89001224791622
"269",22141,"Female","Black","Less than high school","High","18-29",-0.116462352505811,0.968297777949027
"270",22142,"Female","Black","Less than high school","High","30-44",-0.126587825450653,0.988365164966966
"271",22143,"Female","Black","Less than high school","High","45-59",-0.094154796969433,0.890072875669892
"272",22144,"Female","Black","Less than high school","High","60+",0.132310081624364,0.948687960495123
"273",22211,"Female","Black","High school","Low","18-29",-0.728968383096401,0.609284675168603
"274",22212,"Female","Black","High school","Low","30-44",0.00607746630585953,0.568680321027438
"275",22213,"Female","Black","High school","Low","45-59",0.583418996152592,0.585828909259401
"276",22214,"Female","Black","High school","Low","60+",0.848221130456086,0.624549029287435
"277",22221,"Female","Black","High school","Low-mid","18-29",0.422561435261357,0.789004672929922
"278",22222,"Female","Black","High school","Low-mid","30-44",-0.124549099356013,0.648319963320794
"279",22223,"Female","Black","High school","Low-mid","45-59",1.2301649845164,0.578264092678557
"280",22224,"Female","Black","High school","Low-mid","60+",-0.681339890997807,0.689704084110468
"281",22231,"Female","Black","High school","Mid-high","18-29",0.040011820984925,0.870458855191242
"282",22232,"Female","Black","High school","Mid-high","30-44",0.280024308940496,0.819045189150816
"283",22233,"Female","Black","High school","Mid-high","45-59",-0.489066878630171,0.66786597208997
"284",22234,"Female","Black","High school","Mid-high","60+",-0.00685764577005164,0.74490791295446
"285",22241,"Female","Black","High school","High","18-29",0.234541412672394,0.933495578432597
"286",22242,"Female","Black","High school","High","30-44",-0.130221229611021,0.89146170119368
"287",22243,"Female","Black","High school","High","45-59",-0.262994825209108,0.839398912872942
"288",22244,"Female","Black","High school","High","60+",0.456607600356694,0.918021860420165
"289",22311,"Female","Black","Some college","Low","18-29",1.45315800197148,0.669653562973033
"290",22312,"Female","Black","Some college","Low","30-44",-1.56291089969523,0.635818245781015
"291",22313,"Female","Black","Some college","Low","45-59",0.298334144973484,0.720249709397948
"292",22314,"Female","Black","Some college","Low","60+",0.728447699013504,0.793424976390788
"293",22321,"Female","Black","Some college","Low-mid","18-29",0.473266402673733,0.850181615530189
"294",22322,"Female","Black","Some college","Low-mid","30-44",0.243544126234386,0.604701689262638
"295",22323,"Female","Black","Some college","Low-mid","45-59",-0.552445278460754,0.640993127586815
"296",22324,"Female","Black","Some college","Low-mid","60+",-0.87206570393882,0.767794770351639
"297",22331,"Female","Black","Some college","Mid-high","18-29",-0.154023901439251,0.798404074430484
"298",22332,"Female","Black","Some college","Mid-high","30-44",-0.128912302193102,0.720382573539116
"299",22333,"Female","Black","Some college","Mid-high","45-59",-0.138518476916227,0.706744769256556
"300",22334,"Female","Black","Some college","Mid-high","60+",0.279062862945809,0.807987342993778
"301",22341,"Female","Black","Some college","High","18-29",0.122637981311139,0.959379447660351
"302",22342,"Female","Black","Some college","High","30-44",0.133435819558219,0.817377832932527
"303",22343,"Female","Black","Some college","High","45-59",0.61660266619954,0.731115741325534
"304",22344,"Female","Black","Some college","High","60+",0.214030900493918,0.892437328169983
"305",22411,"Female","Black","College plus","Low","18-29",-0.267724076197604,0.759124936267716
"306",22412,"Female","Black","College plus","Low","30-44",0.558561267529929,0.681797708259748
"307",22413,"Female","Black","College plus","Low","45-59",0.587922863730078,0.789713498726397
"308",22414,"Female","Black","College plus","Low","60+",0.199869323037037,0.859735839653278
"309",22421,"Female","Black","College plus","Low-mid","18-29",-0.375209025765563,0.778583271254965
"310",22422,"Female","Black","College plus","Low-mid","30-44",0.695242382485583,0.616643505578594
"311",22423,"Female","Black","College plus","Low-mid","45-59",0.506386204085176,0.7109274470608
"312",22424,"Female","Black","College plus","Low-mid","60+",-0.787758761737447,0.788357549827279
"313",22431,"Female","Black","College plus","Mid-high","18-29",0.354875950003831,0.77266680345614
"314",22432,"Female","Black","College plus","Mid-high","30-44",0.324003207919905,0.610161809401999
"315",22433,"Female","Black","College plus","Mid-high","45-59",-0.350474542891162,0.613948985336965
"316",22434,"Female","Black","College plus","Mid-high","60+",-0.324294186634584,0.779305487300401
"317",22441,"Female","Black","College plus","High","18-29",-0.991094312942775,0.805455088887097
"318",22442,"Female","Black","College plus","High","30-44",0.229126365289692,0.6777455006922
"319",22443,"Female","Black","College plus","High","45-59",0.168949418868432,0.651060025500408
"320",22444,"Female","Black","College plus","High","60+",-0.600992137685221,0.725290250243303
"321",23111,"Female","Hispanic","Less than high school","Low","18-29",0.0493814237941021,0.580177073356081
"322",23112,"Female","Hispanic","Less than high school","Low","30-44",0.938299584761486,0.569295841611138
"323",23113,"Female","Hispanic","Less than high school","Low","45-59",-0.381855086503013,0.632984905559277
"324",23114,"Female","Hispanic","Less than high school","Low","60+",-0.391155503069167,0.535280817095525
"325",23121,"Female","Hispanic","Less than high school","Low-mid","18-29",-0.0185237837527393,0.860293974875851
"326",23122,"Female","Hispanic","Less than high school","Low-mid","30-44",-0.496691809057088,0.715853102446062
"327",23123,"Female","Hispanic","Less than high school","Low-mid","45-59",-0.111424040719291,0.699562089111559
"328",23124,"Female","Hispanic","Less than high school","Low-mid","60+",-0.449800025603385,0.726817919275144
"329",23131,"Female","Hispanic","Less than high school","Mid-high","18-29",0.229607448398007,0.9053611900068
"330",23132,"Female","Hispanic","Less than high school","Mid-high","30-44",-0.0374465073281241,0.889773965047781
"331",23133,"Female","Hispanic","Less than high school","Mid-high","45-59",-0.271898358676121,0.924634855030796
"332",23134,"Female","Hispanic","Less than high school","Mid-high","60+",0.359869960175529,0.849849444564319
"333",23141,"Female","Hispanic","Less than high school","High","18-29",-0.0467982739015613,0.913775759871482
"334",23142,"Female","Hispanic","Less than high school","High","30-44",0.103365599589546,1.0255751467797
"335",23143,"Female","Hispanic","Less than high school","High","45-59",0.0825845858760355,0.894359282450957
"336",23144,"Female","Hispanic","Less than high school","High","60+",-0.163570531816854,0.920933468474714
"337",23211,"Female","Hispanic","High school","Low","18-29",0.343858517667632,0.701408239034862
"338",23212,"Female","Hispanic","High school","Low","30-44",0.568612241075761,0.618856532429462
"339",23213,"Female","Hispanic","High school","Low","45-59",-1.01872865909759,0.744581356527716
"340",23214,"Female","Hispanic","High school","Low","60+",0.124975859621599,0.772324693232632
"341",23221,"Female","Hispanic","High school","Low-mid","18-29",-0.277215532693556,0.759677169764079
"342",23222,"Female","Hispanic","High school","Low-mid","30-44",0.197364341663474,0.637985439204718
"343",23223,"Female","Hispanic","High school","Low-mid","45-59",-0.652823801055278,0.696508515015571
"344",23224,"Female","Hispanic","High school","Low-mid","60+",0.231336758061615,0.761911421283305
"345",23231,"Female","Hispanic","High school","Mid-high","18-29",0.046736297617727,0.885702972884427
"346",23232,"Female","Hispanic","High school","Mid-high","30-44",-0.536377581322556,0.783406231953374
"347",23233,"Female","Hispanic","High school","Mid-high","45-59",-0.311404281217093,0.804701905594005
"348",23234,"Female","Hispanic","High school","Mid-high","60+",-0.0559966727694592,0.893264097689842
"349",23241,"Female","Hispanic","High school","High","18-29",-0.298745270856055,0.890338370106473
"350",23242,"Female","Hispanic","High school","High","30-44",0.143673334106816,0.859060428865016
"351",23243,"Female","Hispanic","High school","High","45-59",-0.0949272492231724,0.823652230534895
"352",23244,"Female","Hispanic","High school","High","60+",-0.135598067690819,0.943719222842658
"353",23311,"Female","Hispanic","Some college","Low","18-29",-0.0477335576053636,0.673319094876602
"354",23312,"Female","Hispanic","Some college","Low","30-44",0.521816139234889,0.588463226267573
"355",23313,"Female","Hispanic","Some college","Low","45-59",-0.00735993073388672,0.746018103545871
"356",23314,"Female","Hispanic","Some college","Low","60+",0.0255468565899142,0.923754672781066
"357",23321,"Female","Hispanic","Some college","Low-mid","18-29",-0.591969572501812,0.73557255698225
"358",23322,"Female","Hispanic","Some college","Low-mid","30-44",-0.0176239480706094,0.713244240482855
"359",23323,"Female","Hispanic","Some college","Low-mid","45-59",0.634987857305766,0.698498623139345
"360",23324,"Female","Hispanic","Some college","Low-mid","60+",0.362952079494058,0.814403019347635
"361",23331,"Female","Hispanic","Some college","Mid-high","18-29",0.543638082396448,0.712890940064574
"362",23332,"Female","Hispanic","Some college","Mid-high","30-44",0.272439770238254,0.766910510592413
"363",23333,"Female","Hispanic","Some college","Mid-high","45-59",0.130058814383455,0.759109167172746
"364",23334,"Female","Hispanic","Some college","Mid-high","60+",-0.115394336050858,0.890337360134693
"365",23341,"Female","Hispanic","Some college","High","18-29",0.549291762411769,0.877257177026132
"366",23342,"Female","Hispanic","Some college","High","30-44",-0.695855119092089,0.843997751310162
"367",23343,"Female","Hispanic","Some college","High","45-59",0.787016492887451,0.80912725558452
"368",23344,"Female","Hispanic","Some college","High","60+",0.00578225734100898,0.95376205033548
"369",23411,"Female","Hispanic","College plus","Low","18-29",0.621215078281925,0.820251424030933
"370",23412,"Female","Hispanic","College plus","Low","30-44",0.186427571689858,0.678069493483808
"371",23413,"Female","Hispanic","College plus","Low","45-59",-0.0453695878427985,0.807046278988015
"372",23414,"Female","Hispanic","College plus","Low","60+",0.195406730098388,0.887221286776309
"373",23421,"Female","Hispanic","College plus","Low-mid","18-29",0.362666341785975,0.858134150276424
"374",23422,"Female","Hispanic","College plus","Low-mid","30-44",0.99736882581685,0.710116800647465
"375",23423,"Female","Hispanic","College plus","Low-mid","45-59",-0.204214489111784,0.831352093834893
"376",23424,"Female","Hispanic","College plus","Low-mid","60+",0.775218123007359,0.854781840592262
"377",23431,"Female","Hispanic","College plus","Mid-high","18-29",-0.3980821819609,0.740532581308459
"378",23432,"Female","Hispanic","College plus","Mid-high","30-44",0.343773209011428,0.638244211127201
"379",23433,"Female","Hispanic","College plus","Mid-high","45-59",-0.257967847663443,0.7001247935697
"380",23434,"Female","Hispanic","College plus","Mid-high","60+",0.270000106227076,0.799567419284496
"381",23441,"Female","Hispanic","College plus","High","18-29",-0.033738616680491,0.879985547013356
"382",23442,"Female","Hispanic","College plus","High","30-44",-0.845978698427556,0.581731784153964
"383",23443,"Female","Hispanic","College plus","High","45-59",-1.00158394801894,0.781790568272453
"384",23444,"Female","Hispanic","College plus","High","60+",0.072824708341694,0.771825455323195
